timestamp,city,aqi,weather_icon,wind_speed,humidity
2025-07-01T03:21:42.034739+07:00,Nha Trang,61,/dl/web/weather/ic-w-04-scattered-clouds-full.svg,8.4 km/h,84%
2025-07-01T04:18:40.084612+07:00,Nha Trang,61,/dl/web/weather/ic-w-04-scattered-clouds-full.svg,8.9 km/h,81%
2025-07-01T05:19:17.724365+07:00,Nha Trang,59,/dl/web/weather/ic-w-04-scattered-clouds-full.svg,8.5 km/h,82%
2025-07-01T06:18:54.196124+07:00,Nha Trang,59,/dl/web/weather/ic-w-04-scattered-clouds-full.svg,6.6 km/h,82%
2025-07-01T08:51:23.063301+07:00,Nha Trang,60,/dl/web/weather/ic-w-04-scattered-clouds-full.svg,5.1 km/h,66%
2025-07-01T10:39:53.306350+07:00,Nha Trang,57,/dl/web/weather/ic-w-04-scattered-clouds-full.svg,6.3 km/h,59%
2025-07-01T11:38:01.794186+07:00,Nha Trang,57,/dl/web/weather/ic-w-04-scattered-clouds-full.svg,13.7 km/h,58%
2025-07-01T12:23:23.938523+07:00,Nha Trang,57,/dl/web/weather/ic-w-04-scattered-clouds-full.svg,17.7 km/h,59%
2025-07-01T13:30:52.276390+07:00,Nha Trang,57,/dl/web/weather/ic-w-04-scattered-clouds-full.svg,15.1 km/h,66%
2025-07-01T14:21:01.122823+07:00,Nha Trang,59,/dl/web/weather/ic-w-04-scattered-clouds-full.svg,11.9 km/h,70%
2025-07-01T15:27:59.341922+07:00,Nha Trang,59,/dl/web/weather/ic-w-06-rain-full.svg,10.0 km/h,72%
2025-07-01T16:23:38.210354+07:00,Nha Trang,59,/dl/web/weather/ic-w-06-rain-full.svg,6.0 km/h,82%
2025-07-01T17:22:33.206885+07:00,Nha Trang,59,/dl/web/weather/ic-w-06-rain-full.svg,2.4 km/h,79%
2025-07-01T18:17:39.303671+07:00,Nha Trang,59,/dl/web/weather/ic-w-06-rain-full.svg,0.6 km/h,82%
2025-07-01T19:41:13.057297+07:00,Nha Trang,58,/dl/web/weather/ic-w-04-scattered-clouds-full.svg,2.6 km/h,85%
2025-07-01T20:33:24.936291+07:00,Nha Trang,58,/dl/web/weather/ic-w-12-night-rain-full.svg,5.5 km/h,86%
2025-07-01T21:19:25.829767+07:00,Nha Trang,58,/dl/web/weather/ic-w-04-scattered-clouds-full.svg,7.4 km/h,86%
2025-07-01T22:21:50.781853+07:00,Nha Trang,58,/dl/web/weather/ic-w-12-night-rain-full.svg,8.2 km/h,84%
2025-07-01T23:26:27.022177+07:00,Nha Trang,57,/dl/web/weather/ic-w-04-scattered-clouds-full.svg,7.6 km/h,82%
2025-07-02T00:18:39.611419+07:00,Nha Trang,57,/dl/web/weather/ic-w-04-scattered-clouds-full.svg,7.2 km/h,85%
2025-07-02T02:15:51.965747+07:00,Nha Trang,58,/dl/web/weather/ic-w-12-night-rain-full.svg,10.0 km/h,85%
2025-07-02T04:19:02.777642+07:00,Nha Trang,58,/dl/web/weather/ic-w-04-scattered-clouds-full.svg,8.2 km/h,88%
2025-07-02T05:19:45.212753+07:00,Nha Trang,59,/dl/web/weather/ic-w-04-scattered-clouds-full.svg,7.6 km/h,85%
2025-07-02T06:19:07.170971+07:00,Nha Trang,59,/dl/web/weather/ic-w-04-scattered-clouds-full.svg,7.7 km/h,84%
2025-07-02T08:41:17.115775+07:00,Nha Trang,60,/dl/web/weather/ic-w-04-scattered-clouds-full.svg,5.6 km/h,73%
2025-07-02T10:18:42.311747+07:00,Nha Trang,60,/dl/web/weather/ic-w-06-rain-full.svg,6.4 km/h,66%
2025-07-02T11:29:51.212546+07:00,Nha Trang,58,/dl/web/weather/ic-w-04-scattered-clouds-full.svg,14.2 km/h,59%
2025-07-02T12:22:38.861142+07:00,Nha Trang,58,/dl/web/weather/ic-w-04-scattered-clouds-full.svg,14.6 km/h,59%
2025-07-02T13:30:20.931761+07:00,Nha Trang,58,/dl/web/weather/ic-w-04-scattered-clouds-full.svg,16.7 km/h,64%
2025-07-02T14:20:21.841945+07:00,Nha Trang,59,/dl/web/weather/ic-w-04-scattered-clouds-full.svg,11.7 km/h,61%
2025-07-02T15:28:05.034257+07:00,Nha Trang,59,/dl/web/weather/ic-w-04-scattered-clouds-full.svg,13.7 km/h,71%
2025-07-02T16:23:27.213969+07:00,Nha Trang,59,/dl/web/weather/ic-w-04-scattered-clouds-full.svg,11.9 km/h,75%
2025-07-02T17:22:10.016546+07:00,Nha Trang,59,/dl/web/weather/ic-w-04-scattered-clouds-full.svg,7.2 km/h,80%
2025-07-02T20:32:51.383877+07:00,Nha Trang,63,/dl/web/weather/ic-w-04-scattered-clouds-full.svg,6.9 km/h,81%
2025-07-02T21:19:46.481851+07:00,Nha Trang,63,/dl/web/weather/ic-w-04-scattered-clouds-full.svg,7.9 km/h,80%
2025-07-02T23:25:22.722076+07:00,Nha Trang,63,/dl/web/weather/ic-w-04-scattered-clouds-full.svg,8.5 km/h,83%
2025-07-03T00:18:20.988602+07:00,Nha Trang,63,/dl/web/weather/ic-w-04-scattered-clouds-full.svg,8.4 km/h,83%
2025-07-03T01:28:42.829401+07:00,Nha Trang,63,/dl/web/weather/ic-w-04-scattered-clouds-full.svg,6.3 km/h,87%
2025-07-03T02:16:10.656427+07:00,Nha Trang,62,/dl/web/weather/ic-w-04-scattered-clouds-full.svg,6.9 km/h,86%
2025-07-03T04:18:53.616207+07:00,Nha Trang,62,/dl/web/weather/ic-w-04-scattered-clouds-full.svg,6.8 km/h,87%
2025-07-03T05:18:48.761499+07:00,Nha Trang,61,/dl/web/weather/ic-w-04-scattered-clouds-full.svg,9.0 km/h,85%
2025-07-03T06:20:03.660772+07:00,Nha Trang,61,/dl/web/weather/ic-w-04-scattered-clouds-full.svg,9.8 km/h,84%
2025-07-03T08:41:29.977083+07:00,Nha Trang,63,/dl/web/weather/ic-w-04-scattered-clouds-full.svg,8.7 km/h,70%
2025-07-03T10:19:58.200391+07:00,Nha Trang,63,/dl/web/weather/ic-w-04-scattered-clouds-full.svg,4.7 km/h,67%
2025-07-03T11:31:56.970258+07:00,Nha Trang,60,/dl/web/weather/ic-w-04-scattered-clouds-full.svg,1.1 km/h,63%
2025-07-03T12:23:31.839484+07:00,Nha Trang,60,/dl/web/weather/ic-w-04-scattered-clouds-full.svg,2.7 km/h,64%
2025-07-03T13:30:46.436975+07:00,Nha Trang,60,/dl/web/weather/ic-w-04-scattered-clouds-full.svg,8.9 km/h,61%
2025-07-03T14:20:01.975491+07:00,Nha Trang,60,/dl/web/weather/ic-w-04-scattered-clouds-full.svg,11.7 km/h,59%
2025-07-03T15:27:18.636415+07:00,Nha Trang,60,/dl/web/weather/ic-w-04-scattered-clouds-full.svg,10.3 km/h,65%
2025-07-03T16:22:07.796207+07:00,Nha Trang,60,/dl/web/weather/ic-w-04-scattered-clouds-full.svg,10.6 km/h,69%
2025-07-03T17:21:54.931647+07:00,Nha Trang,61,/dl/web/weather/ic-w-04-scattered-clouds-full.svg,10.1 km/h,75%
2025-07-03T18:18:03.997758+07:00,Nha Trang,61,/dl/web/weather/ic-w-04-scattered-clouds-full.svg,7.2 km/h,80%
2025-07-03T19:40:06.908988+07:00,Nha Trang,64,/dl/web/weather/ic-w-04-scattered-clouds-full.svg,8.4 km/h,84%
2025-07-03T20:31:49.535600+07:00,Nha Trang,64,/dl/web/weather/ic-w-04-scattered-clouds-full.svg,7.6 km/h,86%
2025-07-03T21:19:50.638761+07:00,Nha Trang,64,/dl/web/weather/ic-w-04-scattered-clouds-full.svg,7.1 km/h,86%
2025-07-03T22:21:32.256427+07:00,Nha Trang,64,/dl/web/weather/ic-w-04-scattered-clouds-full.svg,7.2 km/h,85%
2025-07-04T00:19:48.569782+07:00,Nha Trang,65,/dl/web/weather/ic-w-04-scattered-clouds-full.svg,9.7 km/h,89%
2025-07-04T01:28:14.775057+07:00,Nha Trang,65,/dl/web/weather/ic-w-04-scattered-clouds-full.svg,10.9 km/h,90%
2025-07-04T02:15:39.185308+07:00,Nha Trang,63,/dl/web/weather/ic-w-04-scattered-clouds-full.svg,10.6 km/h,89%
2025-07-04T03:21:18.733904+07:00,Nha Trang,63,/dl/web/weather/ic-w-04-scattered-clouds-full.svg,10.5 km/h,82%
2025-07-04T04:18:29.877938+07:00,Nha Trang,63,/dl/web/weather/ic-w-04-scattered-clouds-full.svg,10.5 km/h,86%
2025-07-04T05:18:34.853915+07:00,Nha Trang,61,/dl/web/weather/ic-w-04-scattered-clouds-full.svg,10.0 km/h,85%
2025-07-04T06:19:12.026894+07:00,Nha Trang,61,/dl/web/weather/ic-w-04-scattered-clouds-full.svg,9.3 km/h,83%
2025-07-04T08:40:49.376092+07:00,Nha Trang,61,/dl/web/weather/ic-w-04-scattered-clouds-full.svg,6.0 km/h,71%
2025-07-04T10:18:19.011019+07:00,Nha Trang,61,/dl/web/weather/ic-w-04-scattered-clouds-full.svg,8.7 km/h,62%
2025-07-04T11:30:04.009401+07:00,Nha Trang,60,/dl/web/weather/ic-w-04-scattered-clouds-full.svg,15.4 km/h,61%
2025-07-04T12:22:57.827843+07:00,Nha Trang,60,/dl/web/weather/ic-w-04-scattered-clouds-full.svg,20.6 km/h,65%
2025-07-04T13:30:27.722236+07:00,Nha Trang,60,/dl/web/weather/ic-w-04-scattered-clouds-full.svg,19.5 km/h,67%
2025-07-04T14:20:33.208346+07:00,Nha Trang,61,/dl/web/weather/ic-w-04-scattered-clouds-full.svg,13.8 km/h,72%
2025-07-04T15:27:05.444495+07:00,Nha Trang,61,/dl/web/weather/ic-w-04-scattered-clouds-full.svg,11.9 km/h,75%
2025-07-04T16:21:54.198674+07:00,Nha Trang,61,/dl/web/weather/ic-w-04-scattered-clouds-full.svg,7.1 km/h,80%
2025-07-04T17:21:23.630377+07:00,Nha Trang,62,/dl/web/weather/ic-w-04-scattered-clouds-full.svg,3.4 km/h,72%
2025-07-04T19:39:55.886027+07:00,Nha Trang,64,/dl/web/weather/ic-w-04-scattered-clouds-full.svg,5.1 km/h,79%
2025-07-04T20:31:23.507233+07:00,Nha Trang,64,/dl/web/weather/ic-w-04-scattered-clouds-full.svg,7.6 km/h,82%
2025-07-04T21:19:14.679728+07:00,Nha Trang,64,/dl/web/weather/ic-w-04-scattered-clouds-full.svg,8.4 km/h,84%
2025-07-04T22:20:10.044963+07:00,Nha Trang,64,/dl/web/weather/ic-w-04-scattered-clouds-full.svg,9.2 km/h,84%
2025-07-04T23:24:26.710586+07:00,Nha Trang,61,/dl/web/weather/ic-w-04-scattered-clouds-full.svg,9.3 km/h,83%
2025-07-05T00:17:25.900540+07:00,Nha Trang,61,/dl/web/weather/ic-w-04-scattered-clouds-full.svg,9.0 km/h,85%
2025-07-05T01:27:15.946608+07:00,Nha Trang,61,/dl/web/weather/ic-w-04-scattered-clouds-full.svg,9.7 km/h,86%
2025-07-05T02:16:36.446153+07:00,Nha Trang,60,/dl/web/weather/ic-w-04-scattered-clouds-full.svg,9.8 km/h,85%
2025-07-05T03:20:58.850042+07:00,Nha Trang,60,/dl/web/weather/ic-w-04-scattered-clouds-full.svg,8.2 km/h,84%
2025-07-05T04:18:56.616812+07:00,Nha Trang,60,/dl/web/weather/ic-w-04-scattered-clouds-full.svg,9.0 km/h,87%
2025-07-05T05:19:12.614184+07:00,Nha Trang,60,/dl/web/weather/ic-w-04-scattered-clouds-full.svg,9.2 km/h,84%
2025-07-05T06:18:29.049852+07:00,Nha Trang,60,/dl/web/weather/ic-w-04-scattered-clouds-full.svg,9.2 km/h,81%
2025-07-05T08:37:19.734731+07:00,Nha Trang,60,/dl/web/weather/ic-w-04-scattered-clouds-full.svg,6.6 km/h,64%
2025-07-05T10:13:37.928284+07:00,Nha Trang,60,/dl/web/weather/ic-w-04-scattered-clouds-full.svg,7.4 km/h,55%
2025-07-05T11:26:00.557319+07:00,Nha Trang,58,/dl/web/weather/ic-w-04-scattered-clouds-full.svg,13.5 km/h,63%
2025-07-05T12:19:06.779870+07:00,Nha Trang,58,/dl/web/weather/ic-w-04-scattered-clouds-full.svg,16.9 km/h,63%
2025-07-05T13:27:31.492699+07:00,Nha Trang,58,/dl/web/weather/ic-w-04-scattered-clouds-full.svg,16.1 km/h,65%
2025-07-05T14:18:12.122928+07:00,Nha Trang,59,/dl/web/weather/ic-w-04-scattered-clouds-full.svg,13.8 km/h,64%
2025-07-05T15:24:35.547245+07:00,Nha Trang,59,/dl/web/weather/ic-w-04-scattered-clouds-full.svg,7.6 km/h,62%
2025-07-05T16:19:19.215143+07:00,Nha Trang,59,/dl/web/weather/ic-w-04-scattered-clouds-full.svg,4.2 km/h,71%
2025-07-05T17:19:23.453080+07:00,Nha Trang,59,/dl/web/weather/ic-w-04-scattered-clouds-full.svg,2.6 km/h,70%
2025-07-05T18:15:45.925169+07:00,Nha Trang,59,/dl/web/weather/ic-w-04-scattered-clouds-full.svg,2.4 km/h,74%
2025-07-05T19:36:57.516481+07:00,Nha Trang,60,/dl/web/weather/ic-w-04-scattered-clouds-full.svg,6.6 km/h,80%
2025-07-05T20:27:50.767031+07:00,Nha Trang,60,/dl/web/weather/ic-w-11-night-few-clouds-full.svg,7.7 km/h,81%
2025-07-05T21:18:09.689729+07:00,Nha Trang,60,/dl/web/weather/ic-w-11-night-few-clouds-full.svg,8.2 km/h,80%
2025-07-05T22:18:51.323170+07:00,Nha Trang,60,/dl/web/weather/ic-w-11-night-few-clouds-full.svg,9.3 km/h,82%
2025-07-05T23:22:44.441001+07:00,Nha Trang,61,/dl/web/weather/ic-w-04-scattered-clouds-full.svg,9.2 km/h,82%
2025-07-06T00:16:52.758289+07:00,Nha Trang,61,/dl/web/weather/ic-w-04-scattered-clouds-full.svg,8.7 km/h,84%
2025-07-06T01:25:13.989724+07:00,Nha Trang,61,/dl/web/weather/ic-w-12-night-rain-full.svg,8.5 km/h,83%
2025-07-06T02:15:27.607468+07:00,Nha Trang,60,/dl/web/weather/ic-w-04-scattered-clouds-full.svg,8.9 km/h,80%
2025-07-06T03:20:08.486145+07:00,Nha Trang,60,/dl/web/weather/ic-w-12-night-rain-full.svg,8.7 km/h,81%
2025-07-06T04:18:13.548824+07:00,Nha Trang,60,/dl/web/weather/ic-w-04-scattered-clouds-full.svg,7.9 km/h,80%
2025-07-06T05:17:54.759890+07:00,Nha Trang,60,/dl/web/weather/ic-w-04-scattered-clouds-full.svg,8.2 km/h,79%
2025-07-06T06:18:24.975398+07:00,Nha Trang,60,/dl/web/weather/ic-w-04-scattered-clouds-full.svg,7.4 km/h,78%
2025-07-06T08:48:47.110555+07:00,Nha Trang,60,/dl/web/weather/ic-w-04-scattered-clouds-full.svg,4.2 km/h,72%
2025-07-06T10:26:44.462194+07:00,Nha Trang,60,/dl/web/weather/ic-w-04-scattered-clouds-full.svg,8.2 km/h,61%
2025-07-06T11:33:01.394917+07:00,Nha Trang,57,/dl/web/weather/ic-w-04-scattered-clouds-full.svg,11.9 km/h,61%
2025-07-06T12:19:39.511956+07:00,Nha Trang,57,/dl/web/weather/ic-w-04-scattered-clouds-full.svg,14.0 km/h,59%
2025-07-06T13:28:19.775613+07:00,Nha Trang,57,/dl/web/weather/ic-w-04-scattered-clouds-full.svg,11.1 km/h,61%
2025-07-06T14:18:04.221111+07:00,Nha Trang,56,/dl/web/weather/ic-w-04-scattered-clouds-full.svg,6.8 km/h,68%
2025-07-06T15:24:04.949746+07:00,Nha Trang,56,/dl/web/weather/ic-w-04-scattered-clouds-full.svg,5.5 km/h,68%
2025-07-06T16:19:05.801689+07:00,Nha Trang,56,/dl/web/weather/ic-w-04-scattered-clouds-full.svg,4.3 km/h,73%
2025-07-06T17:20:07.250506+07:00,Nha Trang,57,/dl/web/weather/ic-w-04-scattered-clouds-full.svg,1.9 km/h,78%
2025-07-06T18:17:08.560041+07:00,Nha Trang,57,/dl/web/weather/ic-w-04-scattered-clouds-full.svg,2.9 km/h,79%
2025-07-06T19:37:24.598979+07:00,Nha Trang,60,/dl/web/weather/ic-w-04-scattered-clouds-full.svg,5.0 km/h,79%
2025-07-06T20:28:16.653238+07:00,Nha Trang,60,/dl/web/weather/ic-w-04-scattered-clouds-full.svg,6.9 km/h,80%
2025-07-06T21:16:57.852702+07:00,Nha Trang,60,/dl/web/weather/ic-w-04-scattered-clouds-full.svg,7.9 km/h,82%
2025-07-06T22:18:51.962386+07:00,Nha Trang,60,/dl/web/weather/ic-w-04-scattered-clouds-full.svg,9.2 km/h,83%
2025-07-06T23:22:52.838859+07:00,Nha Trang,61,/dl/web/weather/ic-w-04-scattered-clouds-full.svg,10.1 km/h,83%
2025-07-07T00:17:15.364593+07:00,Nha Trang,61,/dl/web/weather/ic-w-04-scattered-clouds-full.svg,10.0 km/h,84%
2025-07-07T01:26:37.500423+07:00,Nha Trang,61,/dl/web/weather/ic-w-04-scattered-clouds-full.svg,9.3 km/h,83%
2025-07-07T02:15:53.457811+07:00,Nha Trang,60,/dl/web/weather/ic-w-04-scattered-clouds-full.svg,9.0 km/h,83%
2025-07-07T03:20:57.337489+07:00,Nha Trang,60,/dl/web/weather/ic-w-04-scattered-clouds-full.svg,8.9 km/h,78%
2025-07-07T04:17:53.655428+07:00,Nha Trang,60,/dl/web/weather/ic-w-04-scattered-clouds-full.svg,8.4 km/h,80%
2025-07-07T05:19:20.116174+07:00,Nha Trang,61,/dl/web/weather/ic-w-04-scattered-clouds-full.svg,8.7 km/h,80%
2025-07-07T06:18:45.462453+07:00,Nha Trang,61,/dl/web/weather/ic-w-04-scattered-clouds-full.svg,7.9 km/h,78%
2025-07-07T08:46:22.028014+07:00,Nha Trang,60,/dl/web/weather/ic-w-04-scattered-clouds-full.svg,4.2 km/h,64%
2025-07-07T10:24:54.619633+07:00,Nha Trang,60,/dl/web/weather/ic-w-04-scattered-clouds-full.svg,8.2 km/h,51%
2025-07-07T11:34:24.289123+07:00,Nha Trang,58,/dl/web/weather/ic-w-04-scattered-clouds-full.svg,13.4 km/h,55%
2025-07-07T12:23:05.259404+07:00,Nha Trang,58,/dl/web/weather/ic-w-04-scattered-clouds-full.svg,18.0 km/h,51%
2025-07-07T13:31:47.529116+07:00,Nha Trang,58,/dl/web/weather/ic-w-04-scattered-clouds-full.svg,20.1 km/h,51%
2025-07-07T14:21:13.920036+07:00,Nha Trang,58,/dl/web/weather/ic-w-04-scattered-clouds-full.svg,16.6 km/h,56%
2025-07-07T15:29:04.774684+07:00,Nha Trang,58,/dl/web/weather/ic-w-04-scattered-clouds-full.svg,10.9 km/h,59%
2025-07-07T16:24:11.450961+07:00,Nha Trang,58,/dl/web/weather/ic-w-04-scattered-clouds-full.svg,9.7 km/h,56%
2025-07-07T17:23:03.472290+07:00,Nha Trang,57,/dl/web/weather/ic-w-04-scattered-clouds-full.svg,5.1 km/h,60%
2025-07-07T19:41:07.753298+07:00,Nha Trang,58,/dl/web/weather/ic-w-04-scattered-clouds-full.svg,7.4 km/h,79%
2025-07-07T20:34:25.502737+07:00,Nha Trang,58,/dl/web/weather/ic-w-04-scattered-clouds-full.svg,8.5 km/h,79%
2025-07-07T21:20:10.534761+07:00,Nha Trang,58,/dl/web/weather/ic-w-04-scattered-clouds-full.svg,8.4 km/h,77%
2025-07-07T22:20:29.896386+07:00,Nha Trang,58,/dl/web/weather/ic-w-04-scattered-clouds-full.svg,9.3 km/h,81%
2025-07-08T00:18:17.162784+07:00,Nha Trang,57,/dl/web/weather/ic-w-04-scattered-clouds-full.svg,8.0 km/h,81%
2025-07-08T01:28:39.527680+07:00,Nha Trang,57,/dl/web/weather/ic-w-04-scattered-clouds-full.svg,8.9 km/h,83%
2025-07-08T02:17:04.414349+07:00,Nha Trang,56,/dl/web/weather/ic-w-04-scattered-clouds-full.svg,8.0 km/h,80%
2025-07-08T03:22:38.441505+07:00,Nha Trang,56,/dl/web/weather/ic-w-04-scattered-clouds-full.svg,6.9 km/h,81%
2025-07-08T04:18:50.068347+07:00,Nha Trang,56,/dl/web/weather/ic-w-04-scattered-clouds-full.svg,7.6 km/h,81%
2025-07-08T05:19:56.348827+07:00,Nha Trang,57,/dl/web/weather/ic-w-04-scattered-clouds-full.svg,8.0 km/h,80%
2025-07-08T06:19:11.551658+07:00,Nha Trang,57,/dl/web/weather/ic-w-04-scattered-clouds-full.svg,9.0 km/h,81%
2025-07-08T08:42:16.976524+07:00,Nha Trang,56,/dl/web/weather/ic-w-04-scattered-clouds-full.svg,5.0 km/h,66%
2025-07-08T10:19:37.301214+07:00,Nha Trang,56,/dl/web/weather/ic-w-04-scattered-clouds-full.svg,3.5 km/h,54%
2025-07-08T11:30:22.698323+07:00,Nha Trang,56,/dl/web/weather/ic-w-04-scattered-clouds-full.svg,11.6 km/h,52%
2025-07-08T12:20:52.126790+07:00,Nha Trang,56,/dl/web/weather/ic-w-04-scattered-clouds-full.svg,17.2 km/h,51%
2025-07-08T13:30:43.896169+07:00,Nha Trang,56,/dl/web/weather/ic-w-04-scattered-clouds-full.svg,15.4 km/h,54%
2025-07-08T14:20:34.101415+07:00,Nha Trang,56,/dl/web/weather/ic-w-04-scattered-clouds-full.svg,13.4 km/h,65%
2025-07-08T15:28:02.281583+07:00,Nha Trang,56,/dl/web/weather/ic-w-04-scattered-clouds-full.svg,9.8 km/h,68%
2025-07-08T16:22:57.547199+07:00,Nha Trang,56,/dl/web/weather/ic-w-04-scattered-clouds-full.svg,7.2 km/h,60%
2025-07-08T17:21:54.634204+07:00,Nha Trang,56,/dl/web/weather/ic-w-04-scattered-clouds-full.svg,3.1 km/h,59%
2025-07-08T18:17:58.760236+07:00,Nha Trang,56,/dl/web/weather/ic-w-04-scattered-clouds-full.svg,5.3 km/h,60%
2025-07-08T20:34:11.757388+07:00,Nha Trang,58,/dl/web/weather/ic-w-04-scattered-clouds-full.svg,10.1 km/h,75%
2025-07-08T21:19:17.727898+07:00,Nha Trang,58,/dl/web/weather/ic-w-04-scattered-clouds-full.svg,9.2 km/h,78%
2025-07-08T22:22:02.569713+07:00,Nha Trang,58,/dl/web/weather/ic-w-04-scattered-clouds-full.svg,9.7 km/h,77%
2025-07-08T23:26:33.233690+07:00,Nha Trang,60,/dl/web/weather/ic-w-04-scattered-clouds-full.svg,10.5 km/h,73%
2025-07-09T00:18:28.323750+07:00,Nha Trang,60,/dl/web/weather/ic-w-04-scattered-clouds-full.svg,10.0 km/h,73%
2025-07-09T03:22:41.594738+07:00,Nha Trang,60,/dl/web/weather/ic-w-04-scattered-clouds-full.svg,8.2 km/h,77%
2025-07-09T04:19:32.763694+07:00,Nha Trang,60,/dl/web/weather/ic-w-04-scattered-clouds-full.svg,9.7 km/h,76%
2025-07-09T05:19:58.886184+07:00,Nha Trang,60,/dl/web/weather/ic-w-04-scattered-clouds-full.svg,9.8 km/h,75%
2025-07-09T06:19:59.986936+07:00,Nha Trang,60,/dl/web/weather/ic-w-04-scattered-clouds-full.svg,9.0 km/h,74%
2025-07-09T08:43:07.865012+07:00,Nha Trang,60,/dl/web/weather/ic-w-01-clear-sky-full.svg,6.4 km/h,63%
2025-07-09T10:22:19.385066+07:00,Nha Trang,60,/dl/web/weather/ic-w-04-scattered-clouds-full.svg,4.8 km/h,54%
2025-07-09T11:34:10.364123+07:00,Nha Trang,57,/dl/web/weather/ic-w-04-scattered-clouds-full.svg,14.6 km/h,55%
2025-07-09T12:24:46.633429+07:00,Nha Trang,57,/dl/web/weather/ic-w-04-scattered-clouds-full.svg,17.9 km/h,56%
2025-07-09T13:30:35.983348+07:00,Nha Trang,57,/dl/web/weather/ic-w-04-scattered-clouds-full.svg,15.9 km/h,59%
2025-07-09T14:21:05.818973+07:00,Nha Trang,57,/dl/web/weather/ic-w-04-scattered-clouds-full.svg,6.4 km/h,72%
2025-07-09T15:28:01.435981+07:00,Nha Trang,57,/dl/web/weather/ic-w-04-scattered-clouds-full.svg,3.4 km/h,62%
2025-07-09T16:24:03.842859+07:00,Nha Trang,57,/dl/web/weather/ic-w-04-scattered-clouds-full.svg,4.2 km/h,57%
2025-07-09T17:22:35.053798+07:00,Nha Trang,57,/dl/web/weather/ic-w-04-scattered-clouds-full.svg,2.3 km/h,61%
2025-07-09T18:17:58.156975+07:00,Nha Trang,57,/dl/web/weather/ic-w-04-scattered-clouds-full.svg,1.3 km/h,58%
2025-07-09T20:33:43.874074+07:00,Nha Trang,60,/dl/web/weather/ic-w-11-night-few-clouds-full.svg,6.3 km/h,74%
2025-07-09T21:19:47.048711+07:00,Nha Trang,60,/dl/web/weather/ic-w-11-night-few-clouds-full.svg,9.5 km/h,79%
2025-07-09T22:22:33.174582+07:00,Nha Trang,60,/dl/web/weather/ic-w-04-scattered-clouds-full.svg,12.4 km/h,82%
2025-07-09T23:24:42.630471+07:00,Nha Trang,60,/dl/web/weather/ic-w-04-scattered-clouds-full.svg,13.4 km/h,82%
2025-07-10T00:19:51.427701+07:00,Nha Trang,60,/dl/web/weather/ic-w-04-scattered-clouds-full.svg,12.4 km/h,79%
2025-07-10T01:29:26.984839+07:00,Nha Trang,60,/dl/web/weather/ic-w-04-scattered-clouds-full.svg,11.7 km/h,82%
2025-07-10T02:17:02.661578+07:00,Nha Trang,59,/dl/web/weather/ic-w-04-scattered-clouds-full.svg,11.4 km/h,80%
2025-07-10T04:19:08.477146+07:00,Nha Trang,59,/dl/web/weather/ic-w-04-scattered-clouds-full.svg,10.1 km/h,83%
2025-07-10T05:19:36.965927+07:00,Nha Trang,57,/dl/web/weather/ic-w-04-scattered-clouds-full.svg,10.6 km/h,85%
2025-07-10T06:19:41.814553+07:00,Nha Trang,57,/dl/web/weather/ic-w-04-scattered-clouds-full.svg,9.7 km/h,79%
2025-07-10T08:43:08.366309+07:00,Nha Trang,57,/dl/web/weather/ic-w-04-scattered-clouds-full.svg,7.2 km/h,65%
2025-07-10T10:22:09.857463+07:00,Nha Trang,57,/dl/web/weather/ic-w-04-scattered-clouds-full.svg,3.5 km/h,48%
2025-07-10T11:32:26.442513+07:00,Nha Trang,58,/dl/web/weather/ic-w-04-scattered-clouds-full.svg,10.1 km/h,56%
2025-07-10T12:23:06.604720+07:00,Nha Trang,58,/dl/web/weather/ic-w-04-scattered-clouds-full.svg,13.4 km/h,54%
2025-07-10T13:31:17.855255+07:00,Nha Trang,58,/dl/web/weather/ic-w-04-scattered-clouds-full.svg,14.2 km/h,60%
2025-07-10T14:20:32.760494+07:00,Nha Trang,58,/dl/web/weather/ic-w-04-scattered-clouds-full.svg,9.5 km/h,57%
2025-07-10T15:27:58.787220+07:00,Nha Trang,58,/dl/web/weather/ic-w-04-scattered-clouds-full.svg,7.9 km/h,55%
2025-07-10T16:23:53.122239+07:00,Nha Trang,58,/dl/web/weather/ic-w-04-scattered-clouds-full.svg,5.1 km/h,56%
2025-07-10T17:22:17.052277+07:00,Nha Trang,59,/dl/web/weather/ic-w-04-scattered-clouds-full.svg,4.2 km/h,56%
2025-07-10T18:18:02.449556+07:00,Nha Trang,59,/dl/web/weather/ic-w-04-scattered-clouds-full.svg,6.0 km/h,58%
2025-07-10T19:42:06.623898+07:00,Nha Trang,60,/dl/web/weather/ic-w-04-scattered-clouds-full.svg,7.6 km/h,65%
2025-07-10T20:34:59.691435+07:00,Nha Trang,60,/dl/web/weather/ic-w-04-scattered-clouds-full.svg,9.3 km/h,70%
2025-07-10T22:22:31.170994+07:00,Nha Trang,60,/dl/web/weather/ic-w-04-scattered-clouds-full.svg,7.6 km/h,70%
2025-07-11T00:19:59.991538+07:00,Nha Trang,60,/dl/web/weather/ic-w-04-scattered-clouds-full.svg,8.4 km/h,73%
2025-07-11T01:29:06.252142+07:00,Nha Trang,60,/dl/web/weather/ic-w-04-scattered-clouds-full.svg,7.9 km/h,74%
2025-07-11T02:16:37.033819+07:00,Nha Trang,58,/dl/web/weather/ic-w-04-scattered-clouds-full.svg,8.4 km/h,74%
2025-07-11T03:22:31.133230+07:00,Nha Trang,58,/dl/web/weather/ic-w-04-scattered-clouds-full.svg,9.8 km/h,73%
2025-07-11T04:20:27.952341+07:00,Nha Trang,58,/dl/web/weather/ic-w-04-scattered-clouds-full.svg,9.8 km/h,70%
2025-07-11T05:19:05.055082+07:00,Nha Trang,58,/dl/web/weather/ic-w-04-scattered-clouds-full.svg,10.3 km/h,70%
2025-07-11T06:19:39.966348+07:00,Nha Trang,58,/dl/web/weather/ic-w-04-scattered-clouds-full.svg,11.3 km/h,70%
2025-07-11T08:44:35.852916+07:00,Nha Trang,58,/dl/web/weather/ic-w-04-scattered-clouds-full.svg,6.6 km/h,63%
2025-07-11T10:27:44.659516+07:00,Nha Trang,58,/dl/web/weather/ic-w-04-scattered-clouds-full.svg,6.4 km/h,50%
2025-07-11T11:36:57.867544+07:00,Nha Trang,59,/dl/web/weather/ic-w-04-scattered-clouds-full.svg,15.8 km/h,49%
2025-07-11T12:23:24.117506+07:00,Nha Trang,59,/dl/web/weather/ic-w-04-scattered-clouds-full.svg,16.6 km/h,50%
2025-07-11T13:30:59.436126+07:00,Nha Trang,59,/dl/web/weather/ic-w-04-scattered-clouds-full.svg,12.1 km/h,57%
2025-07-11T14:21:01.452569+07:00,Nha Trang,59,/dl/web/weather/ic-w-04-scattered-clouds-full.svg,10.5 km/h,60%
2025-07-11T15:27:46.337205+07:00,Nha Trang,59,/dl/web/weather/ic-w-04-scattered-clouds-full.svg,11.4 km/h,51%
2025-07-11T16:22:39.176374+07:00,Nha Trang,59,/dl/web/weather/ic-w-04-scattered-clouds-full.svg,8.2 km/h,51%
2025-07-11T17:21:49.931552+07:00,Nha Trang,60,/dl/web/weather/ic-w-04-scattered-clouds-full.svg,8.0 km/h,61%
2025-07-11T18:18:15.172219+07:00,Nha Trang,60,/dl/web/weather/ic-w-04-scattered-clouds-full.svg,4.7 km/h,67%
2025-07-11T19:40:22.571090+07:00,Nha Trang,61,/dl/web/weather/ic-w-04-scattered-clouds-full.svg,7.1 km/h,72%
2025-07-11T20:33:01.015271+07:00,Nha Trang,61,/dl/web/weather/ic-w-04-scattered-clouds-full.svg,8.5 km/h,70%
2025-07-11T22:21:38.549375+07:00,Nha Trang,61,/dl/web/weather/ic-w-04-scattered-clouds-full.svg,7.6 km/h,72%
2025-07-11T23:26:11.463349+07:00,Nha Trang,61,/dl/web/weather/ic-w-04-scattered-clouds-full.svg,8.0 km/h,71%
2025-07-12T00:18:54.833163+07:00,Nha Trang,61,/dl/web/weather/ic-w-04-scattered-clouds-full.svg,9.7 km/h,75%
2025-07-12T01:28:50.878237+07:00,Nha Trang,61,/dl/web/weather/ic-w-04-scattered-clouds-full.svg,9.5 km/h,74%
2025-07-12T02:16:28.478022+07:00,Nha Trang,59,/dl/web/weather/ic-w-04-scattered-clouds-full.svg,6.9 km/h,73%
2025-07-12T03:22:33.048523+07:00,Nha Trang,59,/dl/web/weather/ic-w-04-scattered-clouds-full.svg,7.9 km/h,73%
2025-07-12T04:19:31.854054+07:00,Nha Trang,59,/dl/web/weather/ic-w-04-scattered-clouds-full.svg,7.9 km/h,77%
2025-07-12T05:19:41.444407+07:00,Nha Trang,58,/dl/web/weather/ic-w-04-scattered-clouds-full.svg,6.7 km/h,76%
2025-07-12T06:20:10.078834+07:00,Nha Trang,58,/dl/web/weather/ic-w-04-scattered-clouds-full.svg,7.4 km/h,79%
2025-07-12T08:45:51.689301+07:00,Nha Trang,58,/dl/web/weather/ic-w-04-scattered-clouds-full.svg,5.0 km/h,65%
2025-07-12T10:25:36.450286+07:00,Nha Trang,58,/dl/web/weather/ic-w-04-scattered-clouds-full.svg,6.8 km/h,54%
2025-07-12T11:31:13.257548+07:00,Nha Trang,58,/dl/web/weather/ic-w-04-scattered-clouds-full.svg,13.0 km/h,54%
2025-07-12T12:20:30.931056+07:00,Nha Trang,58,/dl/web/weather/ic-w-04-scattered-clouds-full.svg,14.8 km/h,52%
2025-07-12T13:28:33.227438+07:00,Nha Trang,58,/dl/web/weather/ic-w-04-scattered-clouds-full.svg,17.1 km/h,53%
2025-07-12T14:19:08.935537+07:00,Nha Trang,59,/dl/web/weather/ic-w-04-scattered-clouds-full.svg,14.0 km/h,57%
2025-07-12T15:24:24.874018+07:00,Nha Trang,59,/dl/web/weather/ic-w-04-scattered-clouds-full.svg,10.1 km/h,60%
2025-07-12T16:20:02.158728+07:00,Nha Trang,59,/dl/web/weather/ic-w-04-scattered-clouds-full.svg,9.2 km/h,63%
2025-07-12T17:20:06.329051+07:00,Nha Trang,59,/dl/web/weather/ic-w-04-scattered-clouds-full.svg,6.8 km/h,67%
2025-07-12T18:16:54.244396+07:00,Nha Trang,59,/dl/web/weather/ic-w-04-scattered-clouds-full.svg,7.6 km/h,72%
2025-07-12T19:37:53.414149+07:00,Nha Trang,60,/dl/web/weather/ic-w-04-scattered-clouds-full.svg,0.8 km/h,75%
2025-07-12T20:28:48.200391+07:00,Nha Trang,60,/dl/web/weather/ic-w-04-scattered-clouds-full.svg,3.5 km/h,81%
2025-07-12T21:18:07.401621+07:00,Nha Trang,60,/dl/web/weather/ic-w-04-scattered-clouds-full.svg,5.0 km/h,78%
2025-07-12T22:19:47.075991+07:00,Nha Trang,60,/dl/web/weather/ic-w-04-scattered-clouds-full.svg,7.9 km/h,75%
2025-07-12T23:23:23.810296+07:00,Nha Trang,62,/dl/web/weather/ic-w-04-scattered-clouds-full.svg,9.0 km/h,78%
2025-07-13T00:16:44.211825+07:00,Nha Trang,62,/dl/web/weather/ic-w-04-scattered-clouds-full.svg,9.8 km/h,78%
2025-07-13T01:26:49.691607+07:00,Nha Trang,62,/dl/web/weather/ic-w-04-scattered-clouds-full.svg,8.4 km/h,78%
2025-07-13T02:15:22.397087+07:00,Nha Trang,62,/dl/web/weather/ic-w-04-scattered-clouds-full.svg,4.5 km/h,76%
2025-07-13T03:20:50.776279+07:00,Nha Trang,62,/dl/web/weather/ic-w-04-scattered-clouds-full.svg,4.7 km/h,79%
2025-07-13T04:18:04.929802+07:00,Nha Trang,62,/dl/web/weather/ic-w-04-scattered-clouds-full.svg,4.7 km/h,80%
2025-07-13T05:18:49.228224+07:00,Nha Trang,62,/dl/web/weather/ic-w-04-scattered-clouds-full.svg,5.8 km/h,78%
2025-07-13T06:20:42.563176+07:00,Nha Trang,62,/dl/web/weather/ic-w-04-scattered-clouds-full.svg,6.1 km/h,78%
2025-07-13T08:53:04.978684+07:00,Nha Trang,62,/dl/web/weather/ic-w-02-new-clouds-full.svg,3.7 km/h,63%
2025-07-13T10:40:46.930822+07:00,Nha Trang,59,/dl/web/weather/ic-w-02-new-clouds-full.svg,8.7 km/h,51%
2025-07-13T11:37:16.563237+07:00,Nha Trang,59,/dl/web/weather/ic-w-02-new-clouds-full.svg,15.1 km/h,55%
2025-07-13T12:21:40.745739+07:00,Nha Trang,59,/dl/web/weather/ic-w-02-new-clouds-full.svg,17.2 km/h,51%
2025-07-13T13:29:20.093409+07:00,Nha Trang,59,/dl/web/weather/ic-w-04-scattered-clouds-full.svg,17.9 km/h,55%
2025-07-13T14:20:16.072425+07:00,Nha Trang,60,/dl/web/weather/ic-w-04-scattered-clouds-full.svg,10.9 km/h,57%
2025-07-13T15:24:32.872305+07:00,Nha Trang,60,/dl/web/weather/ic-w-04-scattered-clouds-full.svg,9.0 km/h,54%
2025-07-13T16:21:42.697155+07:00,Nha Trang,60,/dl/web/weather/ic-w-04-scattered-clouds-full.svg,7.9 km/h,55%
2025-07-13T17:21:40.933102+07:00,Nha Trang,60,/dl/web/weather/ic-w-04-scattered-clouds-full.svg,3.2 km/h,62%
2025-07-13T18:16:16.971943+07:00,Nha Trang,60,/dl/web/weather/ic-w-04-scattered-clouds-full.svg,2.6 km/h,74%
2025-07-13T19:38:26.970141+07:00,Nha Trang,61,/dl/web/weather/ic-w-04-scattered-clouds-full.svg,6.0 km/h,79%
2025-07-13T20:29:07.447501+07:00,Nha Trang,61,/dl/web/weather/ic-w-04-scattered-clouds-full.svg,7.9 km/h,77%
2025-07-13T21:17:42.179185+07:00,Nha Trang,61,/dl/web/weather/ic-w-04-scattered-clouds-full.svg,7.9 km/h,77%
2025-07-13T22:19:15.312971+07:00,Nha Trang,61,/dl/web/weather/ic-w-04-scattered-clouds-full.svg,7.2 km/h,79%
2025-07-13T23:23:29.989507+07:00,Nha Trang,61,/dl/web/weather/ic-w-04-scattered-clouds-full.svg,6.4 km/h,79%
2025-07-14T00:16:46.412741+07:00,Nha Trang,61,/dl/web/weather/ic-w-04-scattered-clouds-full.svg,8.2 km/h,80%
2025-07-14T01:26:54.185743+07:00,Nha Trang,61,/dl/web/weather/ic-w-04-scattered-clouds-full.svg,9.5 km/h,83%
2025-07-14T02:15:35.591878+07:00,Nha Trang,62,/dl/web/weather/ic-w-10-night-clear-sky-full.svg,8.9 km/h,78%
2025-07-14T03:20:45.862455+07:00,Nha Trang,62,/dl/web/weather/ic-w-11-night-few-clouds-full.svg,8.4 km/h,80%
2025-07-14T04:18:12.490224+07:00,Nha Trang,62,/dl/web/weather/ic-w-04-scattered-clouds-full.svg,8.5 km/h,83%
2025-07-14T05:19:02.478620+07:00,Nha Trang,62,/dl/web/weather/ic-w-04-scattered-clouds-full.svg,8.5 km/h,83%
2025-07-14T06:20:40.397514+07:00,Nha Trang,62,/dl/web/weather/ic-w-04-scattered-clouds-full.svg,8.4 km/h,82%
2025-07-14T08:49:17.509720+07:00,Nha Trang,61,/dl/web/weather/ic-w-04-scattered-clouds-full.svg,4.2 km/h,64%
2025-07-14T10:41:24.138984+07:00,Nha Trang,58,/dl/web/weather/ic-w-04-scattered-clouds-full.svg,10.5 km/h,58%
2025-07-14T11:41:36.344787+07:00,Nha Trang,58,/dl/web/weather/ic-w-04-scattered-clouds-full.svg,12.7 km/h,57%
2025-07-14T12:25:45.178380+07:00,Nha Trang,58,/dl/web/weather/ic-w-04-scattered-clouds-full.svg,18.3 km/h,55%
2025-07-14T13:32:54.725389+07:00,Nha Trang,58,/dl/web/weather/ic-w-04-scattered-clouds-full.svg,17.4 km/h,57%
2025-07-14T14:24:02.078516+07:00,Nha Trang,61,/dl/web/weather/ic-w-04-scattered-clouds-full.svg,16.7 km/h,58%
2025-07-14T15:30:52.002757+07:00,Nha Trang,61,/dl/web/weather/ic-w-04-scattered-clouds-full.svg,11.3 km/h,65%
2025-07-14T16:28:03.672842+07:00,Nha Trang,61,/dl/web/weather/ic-w-04-scattered-clouds-full.svg,7.2 km/h,62%
2025-07-14T17:22:59.173365+07:00,Nha Trang,61,/dl/web/weather/ic-w-04-scattered-clouds-full.svg,2.3 km/h,63%
2025-07-14T18:18:36.556588+07:00,Nha Trang,61,/dl/web/weather/ic-w-04-scattered-clouds-full.svg,2.4 km/h,72%
2025-07-14T19:43:00.831297+07:00,Nha Trang,58,/dl/web/weather/ic-w-04-scattered-clouds-full.svg,1.1 km/h,80%
2025-07-14T20:36:10.956375+07:00,Nha Trang,58,/dl/web/weather/ic-w-04-scattered-clouds-full.svg,4.8 km/h,77%
2025-07-14T21:21:35.773657+07:00,Nha Trang,58,/dl/web/weather/ic-w-04-scattered-clouds-full.svg,5.6 km/h,79%
2025-07-14T22:23:01.902109+07:00,Nha Trang,58,/dl/web/weather/ic-w-04-scattered-clouds-full.svg,7.1 km/h,77%
2025-07-14T23:27:15.448222+07:00,Nha Trang,57,/dl/web/weather/ic-w-04-scattered-clouds-full.svg,7.9 km/h,78%
2025-07-15T00:19:31.851011+07:00,Nha Trang,57,/dl/web/weather/ic-w-04-scattered-clouds-full.svg,8.2 km/h,77%
2025-07-15T01:31:34.537728+07:00,Nha Trang,57,/dl/web/weather/ic-w-04-scattered-clouds-full.svg,8.0 km/h,77%
2025-07-15T02:16:10.610262+07:00,Nha Trang,58,/dl/web/weather/ic-w-04-scattered-clouds-full.svg,7.4 km/h,81%
2025-07-15T03:23:21.414976+07:00,Nha Trang,58,/dl/web/weather/ic-w-04-scattered-clouds-full.svg,8.0 km/h,83%
2025-07-15T04:19:53.220846+07:00,Nha Trang,58,/dl/web/weather/ic-w-04-scattered-clouds-full.svg,8.2 km/h,79%
2025-07-15T05:20:09.803448+07:00,Nha Trang,60,/dl/web/weather/ic-w-04-scattered-clouds-full.svg,7.6 km/h,82%
2025-07-15T06:19:49.778846+07:00,Nha Trang,60,/dl/web/weather/ic-w-04-scattered-clouds-full.svg,7.9 km/h,81%
2025-07-15T08:49:34.395131+07:00,Nha Trang,61,/dl/web/weather/ic-w-01-clear-sky-full.svg,5.5 km/h,64%
2025-07-15T10:38:25.708048+07:00,Nha Trang,61,/dl/web/weather/ic-w-01-clear-sky-full.svg,8.2 km/h,51%
2025-07-15T11:39:02.758688+07:00,Nha Trang,61,/dl/web/weather/ic-w-01-clear-sky-full.svg,14.6 km/h,50%
2025-07-15T12:24:51.145394+07:00,Nha Trang,61,/dl/web/weather/ic-w-02-new-clouds-full.svg,18.7 km/h,53%
2025-07-15T13:32:09.984390+07:00,Nha Trang,61,/dl/web/weather/ic-w-02-new-clouds-full.svg,19.2 km/h,60%
2025-07-15T14:22:03.735925+07:00,Nha Trang,61,/dl/web/weather/ic-w-06-rain-full.svg,15.3 km/h,64%
2025-07-15T15:28:37.386771+07:00,Nha Trang,61,/dl/web/weather/ic-w-04-scattered-clouds-full.svg,8.2 km/h,70%
2025-07-15T16:29:12.397721+07:00,Nha Trang,61,/dl/web/weather/ic-w-04-scattered-clouds-full.svg,4.2 km/h,73%
2025-07-15T17:22:09.839801+07:00,Nha Trang,63,/dl/web/weather/ic-w-04-scattered-clouds-full.svg,2.1 km/h,65%
2025-07-15T18:18:43.320413+07:00,Nha Trang,63,/dl/web/weather/ic-w-04-scattered-clouds-full.svg,5.1 km/h,70%
2025-07-15T19:42:56.984248+07:00,Nha Trang,65,/dl/web/weather/ic-w-04-scattered-clouds-full.svg,5.1 km/h,74%
2025-07-15T20:37:02.351973+07:00,Nha Trang,65,/dl/web/weather/ic-w-10-night-clear-sky-full.svg,3.5 km/h,79%
2025-07-15T22:21:35.188572+07:00,Nha Trang,65,/dl/web/weather/ic-w-11-night-few-clouds-full.svg,7.4 km/h,80%
2025-07-16T01:31:32.664873+07:00,Nha Trang,69,/dl/web/weather/ic-w-04-scattered-clouds-full.svg,7.6 km/h,82%
2025-07-16T02:17:51.262650+07:00,Nha Trang,69,/dl/web/weather/ic-w-04-scattered-clouds-full.svg,8.7 km/h,79%
2025-07-16T03:23:29.328632+07:00,Nha Trang,69,/dl/web/weather/ic-w-04-scattered-clouds-full.svg,8.2 km/h,78%
2025-07-16T04:19:47.449703+07:00,Nha Trang,69,/dl/web/weather/ic-w-04-scattered-clouds-full.svg,7.2 km/h,79%
2025-07-16T05:20:45.455453+07:00,Nha Trang,59,/dl/web/weather/ic-w-04-scattered-clouds-full.svg,8.5 km/h,78%
2025-07-16T06:19:22.859925+07:00,Nha Trang,59,/dl/web/weather/ic-w-04-scattered-clouds-full.svg,7.4 km/h,72%
2025-07-16T08:45:57.194665+07:00,Nha Trang,59,/dl/web/weather/ic-w-04-scattered-clouds-full.svg,4.0 km/h,59%
2025-07-16T10:27:50.322868+07:00,Nha Trang,59,/dl/web/weather/ic-w-04-scattered-clouds-full.svg,6.9 km/h,51%
2025-07-16T11:38:08.524061+07:00,Nha Trang,58,/dl/web/weather/ic-w-04-scattered-clouds-full.svg,13.4 km/h,48%
2025-07-16T12:26:24.677983+07:00,Nha Trang,58,/dl/web/weather/ic-w-04-scattered-clouds-full.svg,17.7 km/h,48%
2025-07-16T13:31:46.946539+07:00,Nha Trang,58,/dl/web/weather/ic-w-04-scattered-clouds-full.svg,18.2 km/h,54%
2025-07-16T14:22:02.009588+07:00,Nha Trang,61,/dl/web/weather/ic-w-04-scattered-clouds-full.svg,11.3 km/h,62%
2025-07-16T15:29:01.228299+07:00,Nha Trang,61,/dl/web/weather/ic-w-04-scattered-clouds-full.svg,12.7 km/h,56%
2025-07-16T16:26:32.661487+07:00,Nha Trang,61,/dl/web/weather/ic-w-04-scattered-clouds-full.svg,8.0 km/h,55%
2025-07-16T17:23:12.517042+07:00,Nha Trang,61,/dl/web/weather/ic-w-04-scattered-clouds-full.svg,6.9 km/h,60%
2025-07-16T18:18:22.297732+07:00,Nha Trang,61,/dl/web/weather/ic-w-04-scattered-clouds-full.svg,2.9 km/h,67%
2025-07-16T20:37:34.226104+07:00,Nha Trang,64,/dl/web/weather/ic-w-11-night-few-clouds-full.svg,6.1 km/h,72%
2025-07-16T21:19:38.324917+07:00,Nha Trang,64,/dl/web/weather/ic-w-11-night-few-clouds-full.svg,6.6 km/h,79%
2025-07-17T01:31:02.557219+07:00,Nha Trang,68,/dl/web/weather/ic-w-04-scattered-clouds-full.svg,10.6 km/h,72%
2025-07-17T02:17:37.353952+07:00,Nha Trang,68,/dl/web/weather/ic-w-04-scattered-clouds-full.svg,9.7 km/h,76%
2025-07-17T03:23:25.145225+07:00,Nha Trang,68,/dl/web/weather/ic-weather-scattered-clouds.svg,8.2 km/h,75%
2025-07-17T04:20:16.779117+07:00,Nha Trang,68,/dl/web/weather/ic-weather-04n.svg,9.3 km/h,72%
2025-07-17T05:20:18.969685+07:00,Nha Trang,64,/dl/web/weather/ic-weather-04n.svg,8.9 km/h,75%
2025-07-17T06:20:14.108561+07:00,Nha Trang,64,/dl/web/weather/ic-weather-04d.svg,8.2 km/h,73%
2025-07-17T08:46:52.301082+07:00,Nha Trang,64,/dl/web/weather/ic-weather-04d.svg,7.1 km/h,63%
2025-07-17T10:27:34.437177+07:00,Nha Trang,64,/dl/web/weather/ic-weather-04d.svg,5.3 km/h,49%
2025-07-17T11:37:49.339892+07:00,Nha Trang,65,/dl/web/weather/ic-weather-04d.svg,10.2 km/h,49%
2025-07-17T12:25:13.443294+07:00,Nha Trang,65,/dl/web/weather/ic-weather-04d.svg,14.3 km/h,48%
2025-07-17T13:31:37.117827+07:00,Nha Trang,65,/dl/web/weather/ic-weather-04d.svg,15.4 km/h,52%
2025-07-17T14:22:04.642075+07:00,Nha Trang,66,/dl/web/weather/ic-weather-04d.svg,15.4 km/h,55%
2025-07-17T15:28:46.347520+07:00,Nha Trang,66,/dl/web/weather/ic-weather-04d.svg,10.9 km/h,57%
2025-07-17T16:25:38.975687+07:00,Nha Trang,66,/dl/web/weather/ic-weather-04d.svg,6.3 km/h,52%
2025-07-17T17:23:33.887842+07:00,Nha Trang,65,/dl/web/weather/ic-weather-04d.svg,7.6 km/h,55%
2025-07-17T18:19:13.213474+07:00,Nha Trang,65,/dl/web/weather/ic-weather-04d.svg,7.2 km/h,67%
2025-07-17T19:42:31.357988+07:00,Nha Trang,64,/dl/web/weather/ic-weather-04n.svg,5.5 km/h,75%
2025-07-17T20:37:15.343991+07:00,Nha Trang,64,/dl/web/weather/ic-weather-04n.svg,7.2 km/h,77%
2025-07-17T21:19:22.071481+07:00,Nha Trang,64,/dl/web/weather/ic-weather-04n.svg,10.9 km/h,77%
2025-07-17T22:23:12.295029+07:00,Nha Trang,64,/dl/web/weather/ic-weather-04n.svg,11.3 km/h,79%
2025-07-17T23:27:33.420499+07:00,Nha Trang,61,/dl/web/weather/ic-weather-04n.svg,10.6 km/h,81%
2025-07-18T00:19:46.731183+07:00,Nha Trang,61,/dl/web/weather/ic-weather-04n.svg,11.4 km/h,82%
2025-07-18T01:30:28.555963+07:00,Nha Trang,61,/dl/web/weather/ic-weather-04n.svg,10.1 km/h,82%
2025-07-18T02:18:02.263979+07:00,Nha Trang,60,/dl/web/weather/ic-weather-04n.svg,9.5 km/h,79%
2025-07-18T04:20:00.319224+07:00,Nha Trang,60,/dl/web/weather/ic-weather-04n.svg,10.1 km/h,78%
2025-07-18T05:20:35.100298+07:00,Nha Trang,67,/dl/web/weather/ic-weather-04n.svg,11.6 km/h,75%
2025-07-18T06:20:41.506493+07:00,Nha Trang,67,/dl/web/weather/ic-weather-04d.svg,10.5 km/h,76%
2025-07-18T08:48:09.873114+07:00,Nha Trang,60,/dl/web/weather/ic-weather-04d.svg,7.7 km/h,66%
2025-07-18T10:37:24.995123+07:00,Nha Trang,66,/dl/web/weather/ic-weather-04d.svg,2.1 km/h,58%
2025-07-18T11:39:14.420496+07:00,Nha Trang,66,/dl/web/weather/ic-weather-04d.svg,9.7 km/h,56%
2025-07-18T12:26:29.871320+07:00,Nha Trang,66,/dl/web/weather/ic-weather-04d.svg,14.2 km/h,51%
2025-07-18T13:31:50.500747+07:00,Nha Trang,66,/dl/web/weather/ic-weather-04d.svg,14.8 km/h,56%
2025-07-18T14:23:13.120775+07:00,Nha Trang,68,/dl/web/weather/ic-weather-04d.svg,10.5 km/h,56%
2025-07-18T15:28:31.091261+07:00,Nha Trang,68,/dl/web/weather/ic-weather-04d.svg,10.0 km/h,56%
2025-07-18T16:25:15.180770+07:00,Nha Trang,68,/dl/web/weather/ic-weather-04d.svg,8.9 km/h,57%
2025-07-18T18:17:55.548074+07:00,Nha Trang,67,/dl/web/weather/ic-weather-04d.svg,3.4 km/h,65%
2025-07-18T19:42:31.461613+07:00,Nha Trang,68,/dl/web/weather/ic-weather-04n.svg,4.5 km/h,63%
2025-07-18T20:36:43.611918+07:00,Nha Trang,68,/dl/web/weather/ic-weather-04n.svg,9.3 km/h,65%
2025-07-18T21:20:59.504510+07:00,Nha Trang,68,/dl/web/weather/ic-weather-04n.svg,9.2 km/h,70%
2025-07-18T22:21:31.105319+07:00,Nha Trang,68,/dl/web/weather/ic-weather-04n.svg,10.9 km/h,69%
2025-07-18T23:27:26.549933+07:00,Nha Trang,68,/dl/web/weather/ic-weather-04n.svg,10.8 km/h,73%
2025-07-19T00:20:51.750071+07:00,Nha Trang,68,/dl/web/weather/ic-weather-04n.svg,11.3 km/h,72%
2025-07-19T01:29:35.344308+07:00,Nha Trang,68,/dl/web/weather/ic-weather-04n.svg,11.7 km/h,72%
2025-07-19T02:17:14.870104+07:00,Nha Trang,67,/dl/web/weather/ic-weather-04n.svg,10.9 km/h,72%
2025-07-19T03:22:57.519073+07:00,Nha Trang,67,/dl/web/weather/ic-weather-04n.svg,10.0 km/h,74%
2025-07-19T04:20:02.304959+07:00,Nha Trang,67,/dl/web/weather/ic-weather-04n.svg,10.3 km/h,71%
2025-07-19T05:20:24.034590+07:00,Nha Trang,65,/dl/web/weather/ic-weather-04n.svg,9.3 km/h,72%
2025-07-19T06:19:49.151087+07:00,Nha Trang,65,/dl/web/weather/ic-weather-04d.svg,8.5 km/h,73%
2025-07-19T08:43:19.209429+07:00,Nha Trang,65,/dl/web/weather/ic-weather-04d.svg,6.8 km/h,67%
2025-07-19T10:22:50.982608+07:00,Nha Trang,65,/dl/web/weather/ic-weather-04d.svg,8.5 km/h,57%
2025-07-19T11:31:38.787039+07:00,Nha Trang,63,/dl/web/weather/ic-weather-04d.svg,10.6 km/h,56%
2025-07-19T12:21:50.442083+07:00,Nha Trang,63,/dl/web/weather/ic-weather-04d.svg,10.3 km/h,46%
2025-07-19T13:29:18.855658+07:00,Nha Trang,63,/dl/web/weather/ic-weather-04d.svg,8.5 km/h,41%
2025-07-19T14:18:49.163516+07:00,Nha Trang,61,/dl/web/weather/ic-weather-03d.svg,5.5 km/h,43%
2025-07-19T15:26:08.176934+07:00,Nha Trang,61,/dl/web/weather/ic-weather-04d.svg,3.1 km/h,45%
2025-07-19T16:20:06.819177+07:00,Nha Trang,61,/dl/web/weather/ic-weather-04d.svg,2.4 km/h,53%
2025-07-19T17:21:22.964561+07:00,Nha Trang,60,/dl/web/weather/ic-weather-04d.svg,6.1 km/h,53%
2025-07-19T18:17:01.265744+07:00,Nha Trang,60,/dl/web/weather/ic-weather-04d.svg,7.1 km/h,61%
2025-07-19T19:38:57.518178+07:00,Nha Trang,59,/dl/web/weather/ic-weather-04n.svg,4.2 km/h,62%
2025-07-19T20:29:52.460248+07:00,Nha Trang,59,/dl/web/weather/ic-weather-04n.svg,6.1 km/h,69%
2025-07-19T21:18:24.541594+07:00,Nha Trang,59,/dl/web/weather/ic-weather-04n.svg,6.9 km/h,65%
2025-07-19T22:20:06.885393+07:00,Nha Trang,59,/dl/web/weather/ic-weather-04n.svg,9.2 km/h,67%
2025-07-19T23:24:10.173598+07:00,Nha Trang,58,/dl/web/weather/ic-weather-04n.svg,8.5 km/h,67%
2025-07-20T00:18:52.916547+07:00,Nha Trang,58,/dl/web/weather/ic-weather-04n.svg,7.2 km/h,66%
2025-07-20T01:27:49.515781+07:00,Nha Trang,58,/dl/web/weather/ic-weather-04n.svg,8.4 km/h,67%
2025-07-20T02:15:36.533605+07:00,Nha Trang,58,/dl/web/weather/ic-weather-04n.svg,7.9 km/h,63%
2025-07-20T03:22:08.283181+07:00,Nha Trang,58,/dl/web/weather/ic-weather-04n.svg,9.3 km/h,66%
2025-07-20T04:18:50.575010+07:00,Nha Trang,58,/dl/web/weather/ic-weather-04n.svg,9.3 km/h,69%
2025-07-20T05:19:33.421305+07:00,Nha Trang,62,/dl/web/weather/ic-weather-04n.svg,8.4 km/h,65%
2025-07-20T06:21:49.314540+07:00,Nha Trang,62,/dl/web/weather/ic-weather-04d.svg,7.4 km/h,65%
2025-07-20T08:54:50.303701+07:00,Nha Trang,63,/dl/web/weather/ic-weather-04d.svg,2.3 km/h,57%
2025-07-20T10:46:18.427010+07:00,Nha Trang,60,/dl/web/weather/ic-weather-04d.svg,4.5 km/h,45%
2025-07-20T11:42:16.366037+07:00,Nha Trang,60,/dl/web/weather/ic-weather-04d.svg,3.2 km/h,44%
2025-07-20T12:25:08.297318+07:00,Nha Trang,60,/dl/web/weather/ic-weather-04d.svg,6.3 km/h,40%
2025-07-20T13:29:17.913863+07:00,Nha Trang,60,/dl/web/weather/ic-weather-04d.svg,8.0 km/h,42%
2025-07-20T14:18:44.718404+07:00,Nha Trang,57,/dl/web/weather/ic-weather-04d.svg,10.1 km/h,40%
2025-07-20T15:25:21.469762+07:00,Nha Trang,57,/dl/web/weather/ic-weather-04d.svg,14.2 km/h,43%
2025-07-20T16:20:18.863076+07:00,Nha Trang,57,/dl/web/weather/ic-weather-04d.svg,11.1 km/h,45%
2025-07-20T17:21:21.687890+07:00,Nha Trang,55,/dl/web/weather/ic-weather-04d.svg,6.4 km/h,50%
2025-07-20T18:17:10.441638+07:00,Nha Trang,55,/dl/web/weather/ic-weather-04d.svg,4.7 km/h,50%
2025-07-20T19:39:25.439061+07:00,Nha Trang,57,/dl/web/weather/ic-weather-04n.svg,7.1 km/h,61%
2025-07-20T20:31:05.015853+07:00,Nha Trang,57,/dl/web/weather/ic-weather-04n.svg,6.1 km/h,59%
2025-07-20T21:18:26.418083+07:00,Nha Trang,57,/dl/web/weather/ic-weather-04n.svg,5.8 km/h,60%
2025-07-20T22:20:24.162707+07:00,Nha Trang,57,/dl/web/weather/ic-weather-04n.svg,6.9 km/h,62%
2025-07-20T23:24:08.118066+07:00,Nha Trang,58,/dl/web/weather/ic-weather-04n.svg,9.2 km/h,61%
2025-07-21T00:17:44.027425+07:00,Nha Trang,58,/dl/web/weather/ic-weather-04n.svg,6.4 km/h,62%
2025-07-21T01:27:51.270253+07:00,Nha Trang,58,/dl/web/weather/ic-weather-04n.svg,7.4 km/h,60%
2025-07-21T02:16:05.790829+07:00,Nha Trang,57,/dl/web/weather/ic-weather-04n.svg,8.5 km/h,61%
2025-07-21T03:22:24.007555+07:00,Nha Trang,57,/dl/web/weather/ic-weather-04n.svg,6.1 km/h,65%
2025-07-21T04:18:59.072402+07:00,Nha Trang,57,/dl/web/weather/ic-weather-04n.svg,6.1 km/h,65%
2025-07-21T05:19:35.245613+07:00,Nha Trang,57,/dl/web/weather/ic-weather-04n.svg,6.6 km/h,64%
2025-07-21T06:20:39.694713+07:00,Nha Trang,57,/dl/web/weather/ic-weather-04d.svg,7.1 km/h,65%
2025-07-21T08:52:27.776474+07:00,Nha Trang,57,/dl/web/weather/ic-weather-04d.svg,5.3 km/h,56%
2025-07-21T10:44:52.441873+07:00,Nha Trang,56,/dl/web/weather/ic-weather-04d.svg,5.3 km/h,48%
2025-07-21T11:43:11.584586+07:00,Nha Trang,56,/dl/web/weather/ic-weather-04d.svg,5.8 km/h,45%
2025-07-21T12:27:40.196863+07:00,Nha Trang,56,/dl/web/weather/ic-weather-04d.svg,10.5 km/h,44%
2025-07-21T13:32:20.514726+07:00,Nha Trang,56,/dl/web/weather/ic-weather-04d.svg,15.4 km/h,41%
2025-07-21T14:28:04.791714+07:00,Nha Trang,56,/dl/web/weather/ic-weather-04d.svg,21.2 km/h,43%
2025-07-21T15:32:14.600083+07:00,Nha Trang,56,/dl/web/weather/ic-weather-04d.svg,17.2 km/h,49%
2025-07-21T16:28:59.357768+07:00,Nha Trang,56,/dl/web/weather/ic-weather-04d.svg,12.2 km/h,44%
2025-07-21T17:24:07.009346+07:00,Nha Trang,56,/dl/web/weather/ic-weather-04d.svg,8.7 km/h,43%
2025-07-21T18:19:12.733832+07:00,Nha Trang,56,/dl/web/weather/ic-weather-04d.svg,3.1 km/h,51%
2025-07-21T19:44:04.086666+07:00,Nha Trang,57,/dl/web/weather/ic-weather-10n.svg,6.4 km/h,52%
2025-07-21T22:22:56.855639+07:00,Nha Trang,57,/dl/web/weather/ic-weather-04n.svg,7.2 km/h,66%
2025-07-21T23:26:48.220627+07:00,Nha Trang,56,/dl/web/weather/ic-weather-04n.svg,8.5 km/h,66%
2025-07-22T02:18:14.410127+07:00,Nha Trang,56,/dl/web/weather/ic-weather-10n.svg,6.7 km/h,65%
2025-07-22T03:23:32.978561+07:00,Nha Trang,56,/dl/web/weather/ic-weather-10n.svg,7.2 km/h,70%
2025-07-22T04:20:04.917003+07:00,Nha Trang,56,/dl/web/weather/ic-weather-10n.svg,7.9 km/h,70%
2025-07-22T05:20:44.599389+07:00,Nha Trang,55,/dl/web/weather/ic-weather-10n.svg,6.8 km/h,68%
2025-07-22T06:20:26.860237+07:00,Nha Trang,55,/dl/web/weather/ic-weather-04d.svg,5.3 km/h,67%
2025-07-22T08:47:14.851387+07:00,Nha Trang,55,/dl/web/weather/ic-weather-03d.svg,4.3 km/h,56%
2025-07-22T10:37:52.809263+07:00,Nha Trang,55,/dl/web/weather/ic-weather-04d.svg,5.1 km/h,50%
2025-07-22T11:39:07.028519+07:00,Nha Trang,55,/dl/web/weather/ic-weather-04d.svg,3.9 km/h,48%
2025-07-22T12:25:25.656217+07:00,Nha Trang,55,/dl/web/weather/ic-weather-04d.svg,1.6 km/h,44%
2025-07-22T13:31:59.483439+07:00,Nha Trang,55,/dl/web/weather/ic-weather-04d.svg,1.6 km/h,43%
2025-07-22T14:23:20.530573+07:00,Nha Trang,56,/dl/web/weather/ic-weather-04d.svg,4.5 km/h,42%
2025-07-22T15:30:01.233444+07:00,Nha Trang,56,/dl/web/weather/ic-weather-04d.svg,6.4 km/h,46%
2025-07-22T16:26:16.360679+07:00,Nha Trang,56,/dl/web/weather/ic-weather-04d.svg,10.0 km/h,42%
2025-07-22T17:23:41.140986+07:00,Nha Trang,56,/dl/web/weather/ic-weather-04d.svg,12.7 km/h,57%
2025-07-22T18:18:28.348967+07:00,Nha Trang,56,/dl/web/weather/ic-weather-04d.svg,11.9 km/h,62%
2025-07-22T19:43:58.750481+07:00,Nha Trang,58,/dl/web/weather/ic-weather-04n.svg,7.9 km/h,65%
2025-07-22T20:38:10.541447+07:00,Nha Trang,58,/dl/web/weather/ic-weather-04n.svg,2.6 km/h,71%
2025-07-22T21:21:10.505609+07:00,Nha Trang,58,/dl/web/weather/ic-weather-04n.svg,5.8 km/h,70%
2025-07-22T22:23:50.536388+07:00,Nha Trang,58,/dl/web/weather/ic-weather-03n.svg,6.8 km/h,72%
2025-07-22T23:27:37.500841+07:00,Nha Trang,59,/dl/web/weather/ic-weather-04n.svg,8.4 km/h,72%
2025-07-23T00:20:50.524102+07:00,Nha Trang,59,/dl/web/weather/ic-weather-04n.svg,7.4 km/h,68%
2025-07-23T02:18:06.000939+07:00,Nha Trang,59,/dl/web/weather/ic-weather-04n.svg,7.2 km/h,73%
2025-07-23T03:23:56.835740+07:00,Nha Trang,59,/dl/web/weather/ic-weather-04n.svg,7.2 km/h,73%
2025-07-23T04:20:16.840457+07:00,Nha Trang,59,/dl/web/weather/ic-weather-04n.svg,7.9 km/h,71%
2025-07-23T05:20:28.701263+07:00,Nha Trang,59,/dl/web/weather/ic-weather-04n.svg,7.9 km/h,72%
2025-07-23T06:20:29.893125+07:00,Nha Trang,59,/dl/web/weather/ic-weather-04d.svg,7.9 km/h,70%
2025-07-23T08:48:19.740289+07:00,Nha Trang,58,/dl/web/weather/ic-weather-04d.svg,5.0 km/h,58%
2025-07-23T10:39:40.233463+07:00,Nha Trang,56,/dl/web/weather/ic-weather-04d.svg,3.7 km/h,48%
2025-07-23T11:41:22.642010+07:00,Nha Trang,56,/dl/web/weather/ic-weather-04d.svg,5.1 km/h,47%
2025-07-23T12:27:42.801799+07:00,Nha Trang,56,/dl/web/weather/ic-weather-04d.svg,6.6 km/h,45%
